date,title,slug,category,keywords,summary,status,publishDate
2025-10-02,AI Crypto Risk vs Traditional Due Diligence: Which is Safer?,ai-crypto-risk-vs-traditional-due-diligence:-which-is-safer,Comparison,"ai,crypto,risk,vs,traditional","Blog post on AI Crypto Risk vs Traditional Due Diligence: Which is Safer?, exploring Comparison in crypto risk with AI.",queued,
2025-10-03,"AI Crypto Risk vs Manual Research: Time, Accuracy, and Trust",ai-crypto-risk-vs-manual-research:-time-accuracy-and-trust,How-To Guide,"ai,crypto,risk,vs,manual","Blog post on AI Crypto Risk vs Manual Research: Time, Accuracy, and Trust, exploring How-To Guide in crypto risk with AI.",queued,
2025-10-04,AI Crypto Risk vs Other AI Crypto Tools: Why We’re Different,ai-crypto-risk-vs-other-ai-crypto-tools:-why-were-different,List,"ai,crypto,risk,vs,other","Blog post on AI Crypto Risk vs Other AI Crypto Tools: Why We’re Different, exploring List in crypto risk with AI.",queued,
2025-10-05,AI Crypto Risk vs Reddit Crowd Wisdom: Who Sees Scams First?,ai-crypto-risk-vs-reddit-crowd-wisdom:-who-sees-scams-first,Case Study,"ai,crypto,risk,vs,reddit","Blog post on AI Crypto Risk vs Reddit Crowd Wisdom: Who Sees Scams First?, exploring Case Study in crypto risk with AI.",queued,
2025-10-06,AI Crypto Risk vs Chainalysis: Complement or Competition?,ai-crypto-risk-vs-chainalysis:-complement-or-competition,Thought Leadership,"ai,crypto,risk,vs,chainalysis:","Blog post on AI Crypto Risk vs Chainalysis: Complement or Competition?, exploring Thought Leadership in crypto risk with AI.",queued,
2025-10-07,How to Spot a Rug Pull with AI in 2025,how-to-spot-a-rug-pull-with-ai-in-2025,Comparison,"how,to,spot,a,rug","Blog post on How to Spot a Rug Pull with AI in 2025, exploring Comparison in crypto risk with AI.",queued,
2025-10-08,How to Use AI to Avoid Pump-and-Dump Schemes,how-to-use-ai-to-avoid-pump-and-dump-schemes,How-To Guide,"how,to,use,ai,to","Blog post on How to Use AI to Avoid Pump-and-Dump Schemes, exploring How-To Guide in crypto risk with AI.",queued,
2025-10-09,How to Analyze Tokenomics with AI Before You Invest,how-to-analyze-tokenomics-with-ai-before-you-invest,List,"how,to,analyze,tokenomics,with","Blog post on How to Analyze Tokenomics with AI Before You Invest, exploring List in crypto risk with AI.",queued,
2025-10-10,How to Check Social Hype with AI and Avoid FOMO Traps,how-to-check-social-hype-with-ai-and-avoid-fomo-traps,Case Study,"how,to,check,social,hype","Blog post on How to Check Social Hype with AI and Avoid FOMO Traps, exploring Case Study in crypto risk with AI.",queued,
2025-10-11,How to Use AI Crypto Risk for Safer Portfolio Management,how-to-use-ai-crypto-risk-for-safer-portfolio-management,Thought Leadership,"how,to,use,ai,crypto","Blog post on How to Use AI Crypto Risk for Safer Portfolio Management, exploring Thought Leadership in crypto risk with AI.",queued,
2025-10-12,Top 7 Crypto Scams AI Could Have Prevented,top-7-crypto-scams-ai-could-have-prevented,Comparison,"top,7,crypto,scams,ai","Blog post on Top 7 Crypto Scams AI Could Have Prevented, exploring Comparison in crypto risk with AI.",queued,
2025-10-13,10 Red Flags Every Crypto Investor Should Know,10-red-flags-every-crypto-investor-should-know,How-To Guide,"10,red,flags,every,crypto","Blog post on 10 Red Flags Every Crypto Investor Should Know, exploring How-To Guide in crypto risk with AI.",queued,
2025-10-14,5 Reasons Most Investors Get Burned — And How AI Helps,5-reasons-most-investors-get-burned--and-how-ai-helps,List,"5,reasons,most,investors,get","Blog post on 5 Reasons Most Investors Get Burned — And How AI Helps, exploring List in crypto risk with AI.",queued,
2025-10-15,Top 8 Ways AI Outperforms Humans in Spotting Crypto Risk,top-8-ways-ai-outperforms-humans-in-spotting-crypto-risk,Case Study,"top,8,ways,ai,outperforms","Blog post on Top 8 Ways AI Outperforms Humans in Spotting Crypto Risk, exploring Case Study in crypto risk with AI.",queued,
2025-10-16,7 Signs a Token Might Be a Rug Pull (AI-Detected),7-signs-a-token-might-be-a-rug-pull-(ai-detected),Thought Leadership,"7,signs,a,token,might","Blog post on 7 Signs a Token Might Be a Rug Pull (AI-Detected), exploring Thought Leadership in crypto risk with AI.",queued,
2025-10-17,AI Predicted the Crash of Token X — Here’s How,ai-predicted-the-crash-of-token-x--heres-how,Comparison,"ai,predicted,the,crash,of","Blog post on AI Predicted the Crash of Token X — Here’s How, exploring Comparison in crypto risk with AI.",queued,
2025-10-18,Case Study: How AI Flagged a Scam Weeks Before Collapse,case-study:-how-ai-flagged-a-scam-weeks-before-collapse,How-To Guide,"case,study:,how,ai,flagged","Blog post on Case Study: How AI Flagged a Scam Weeks Before Collapse, exploring How-To Guide in crypto risk with AI.",queued,
2025-10-19,From Hype to Crash: How AI Warned Investors About Token Y,from-hype-to-crash:-how-ai-warned-investors-about-token-y,List,"from,hype,to,crash:,how","Blog post on From Hype to Crash: How AI Warned Investors About Token Y, exploring List in crypto risk with AI.",queued,
2025-10-20,Case Study: Using AI to Protect a Crypto Portfolio in 2025,case-study:-using-ai-to-protect-a-crypto-portfolio-in-2025,Case Study,"case,study:,using,ai,to","Blog post on Case Study: Using AI to Protect a Crypto Portfolio in 2025, exploring Case Study in crypto risk with AI.",queued,
2025-10-21,How AI Saved Investors Thousands: Real-Life Example,how-ai-saved-investors-thousands:-real-life-example,Thought Leadership,"how,ai,saved,investors,thousands:","Blog post on How AI Saved Investors Thousands: Real-Life Example, exploring Thought Leadership in crypto risk with AI.",queued,
2025-10-22,The Future of AI in Crypto Risk (2025–2030),the-future-of-ai-in-crypto-risk-(2025–2030),Comparison,"the,future,of,ai,in","Blog post on The Future of AI in Crypto Risk (2025–2030), exploring Comparison in crypto risk with AI.",queued,
2025-10-23,Why AI is the Only Way to Survive the Next Crypto Bull Run,why-ai-is-the-only-way-to-survive-the-next-crypto-bull-run,How-To Guide,"why,ai,is,the,only","Blog post on Why AI is the Only Way to Survive the Next Crypto Bull Run, exploring How-To Guide in crypto risk with AI.",queued,
2025-10-24,Can AI Eliminate Rug Pulls Forever?,can-ai-eliminate-rug-pulls-forever,List,"can,ai,eliminate,rug,pulls","Blog post on Can AI Eliminate Rug Pulls Forever?, exploring List in crypto risk with AI.",queued,
2025-10-25,The Ethical Side of AI in Crypto Risk Management,the-ethical-side-of-ai-in-crypto-risk-management,Case Study,"the,ethical,side,of,ai","Blog post on The Ethical Side of AI in Crypto Risk Management, exploring Case Study in crypto risk with AI.",queued,
2025-10-26,How AI is Reshaping Trust in the Crypto Market,how-ai-is-reshaping-trust-in-the-crypto-market,Thought Leadership,"how,ai,is,reshaping,trust","Blog post on How AI is Reshaping Trust in the Crypto Market, exploring Thought Leadership in crypto risk with AI.",queued,
2025-10-27,AI and Regulation: The Next Phase of Crypto Risk,ai-and-regulation:-the-next-phase-of-crypto-risk,Comparison,"ai,and,regulation:,the,next","Blog post on AI and Regulation: The Next Phase of Crypto Risk, exploring Comparison in crypto risk with AI.",queued,
2025-10-28,What Crypto Investors Can Learn from AI’s Rise in 2025,what-crypto-investors-can-learn-from-ais-rise-in-2025,How-To Guide,"what,crypto,investors,can,learn","Blog post on What Crypto Investors Can Learn from AI’s Rise in 2025, exploring How-To Guide in crypto risk with AI.",queued,
2025-10-29,"The Road Ahead: AI, Crypto, and Investor Protection",the-road-ahead:-ai-crypto-and-investor-protection,List,"the,road,ahead:,ai,,crypto,","Blog post on The Road Ahead: AI, Crypto, and Investor Protection, exploring List in crypto risk with AI.",queued,
2025-10-30,Top 10 Predictions for AI in Crypto Security,top-10-predictions-for-ai-in-crypto-security,Case Study,"top,10,predictions,for,ai","Blog post on Top 10 Predictions for AI in Crypto Security, exploring Case Study in crypto risk with AI.",queued,
2025-10-31,Why AI Will Define the Next Decade of Crypto Investing,why-ai-will-define-the-next-decade-of-crypto-investing,Thought Leadership,"why,ai,will,define,the","Blog post on Why AI Will Define the Next Decade of Crypto Investing, exploring Thought Leadership in crypto risk with AI.",queued,
2025-11-01,AI Crypto Risk vs Paid Telegram Groups: Who Can You Trust?,ai-crypto-risk-vs-paid-telegram-groups:-who-can-you-trust,Comparison,"ai,crypto,risk,vs,paid","Blog post on AI Crypto Risk vs Paid Telegram Groups: Who Can You Trust?, exploring Comparison in crypto risk with AI.",queued,
2025-11-02,AI Crypto Risk vs YouTube Influencers: Avoiding Bad Advice,ai-crypto-risk-vs-youtube-influencers:-avoiding-bad-advice,How-To Guide,"ai,crypto,risk,vs,youtube","Blog post on AI Crypto Risk vs YouTube Influencers: Avoiding Bad Advice, exploring How-To Guide in crypto risk with AI.",queued,
2025-11-03,AI Crypto Risk vs Whale Tracking: Different Ways to See Risk,ai-crypto-risk-vs-whale-tracking:-different-ways-to-see-risk,List,"ai,crypto,risk,vs,whale","Blog post on AI Crypto Risk vs Whale Tracking: Different Ways to See Risk, exploring List in crypto risk with AI.",queued,
2025-11-04,AI Crypto Risk vs Market Sentiment Tools: Which Detects Faster?,ai-crypto-risk-vs-market-sentiment-tools:-which-detects-faster,Case Study,"ai,crypto,risk,vs,market","Blog post on AI Crypto Risk vs Market Sentiment Tools: Which Detects Faster?, exploring Case Study in crypto risk with AI.",queued,
2025-11-05,AI Crypto Risk vs Token Ratings Agencies: A Smarter Approach,ai-crypto-risk-vs-token-ratings-agencies:-a-smarter-approach,Thought Leadership,"ai,crypto,risk,vs,token","Blog post on AI Crypto Risk vs Token Ratings Agencies: A Smarter Approach, exploring Thought Leadership in crypto risk with AI.",queued,
2025-11-06,How to Use AI to Check Smart Contracts for Risk,how-to-use-ai-to-check-smart-contracts-for-risk,Comparison,"how,to,use,ai,to","Blog post on How to Use AI to Check Smart Contracts for Risk, exploring Comparison in crypto risk with AI.",queued,
2025-11-07,How to Avoid Crypto Exit Scams with AI,how-to-avoid-crypto-exit-scams-with-ai,How-To Guide,"how,to,avoid,crypto,exit","Blog post on How to Avoid Crypto Exit Scams with AI, exploring How-To Guide in crypto risk with AI.",queued,
2025-11-08,How to Spot Unrealistic Token Promises Using AI,how-to-spot-unrealistic-token-promises-using-ai,List,"how,to,spot,unrealistic,token","Blog post on How to Spot Unrealistic Token Promises Using AI, exploring List in crypto risk with AI.",queued,
2025-11-09,How to Protect Yourself from Pump Groups with AI,how-to-protect-yourself-from-pump-groups-with-ai,Case Study,"how,to,protect,yourself,from","Blog post on How to Protect Yourself from Pump Groups with AI, exploring Case Study in crypto risk with AI.",queued,
2025-11-10,How to Verify a Crypto Project Roadmap Using AI,how-to-verify-a-crypto-project-roadmap-using-ai,Thought Leadership,"how,to,verify,a,crypto","Blog post on How to Verify a Crypto Project Roadmap Using AI, exploring Thought Leadership in crypto risk with AI.",queued,
2025-11-11,5 Crypto Scams AI Exposed in 2024,5-crypto-scams-ai-exposed-in-2024,Comparison,"5,crypto,scams,ai,exposed","Blog post on 5 Crypto Scams AI Exposed in 2024, exploring Comparison in crypto risk with AI.",queued,
2025-11-12,7 Times AI Beat Experts in Spotting Scams,7-times-ai-beat-experts-in-spotting-scams,How-To Guide,"7,times,ai,beat,experts","Blog post on 7 Times AI Beat Experts in Spotting Scams, exploring How-To Guide in crypto risk with AI.",queued,
2025-11-13,10 Tools Every Investor Should Use With AI,10-tools-every-investor-should-use-with-ai,List,"10,tools,every,investor,should","Blog post on 10 Tools Every Investor Should Use With AI, exploring List in crypto risk with AI.",queued,
2025-11-14,6 Ways AI Warns You Before a Token Collapse,6-ways-ai-warns-you-before-a-token-collapse,Case Study,"6,ways,ai,warns,you","Blog post on 6 Ways AI Warns You Before a Token Collapse, exploring Case Study in crypto risk with AI.",queued,
2025-11-15,7 Crypto Risk Myths AI Can Bust,7-crypto-risk-myths-ai-can-bust,Thought Leadership,"7,crypto,risk,myths,ai","Blog post on 7 Crypto Risk Myths AI Can Bust, exploring Thought Leadership in crypto risk with AI.",queued,
2025-11-16,Case Study: AI Flagged a Rug Pull on Token Z,case-study:-ai-flagged-a-rug-pull-on-token-z,Comparison,"case,study:,ai,flagged,a","Blog post on Case Study: AI Flagged a Rug Pull on Token Z, exploring Comparison in crypto risk with AI.",queued,
2025-11-17,How AI Helped Detect Wash Trading in a DeFi Project,how-ai-helped-detect-wash-trading-in-a-defi-project,How-To Guide,"how,ai,helped,detect,wash","Blog post on How AI Helped Detect Wash Trading in a DeFi Project, exploring How-To Guide in crypto risk with AI.",queued,
2025-11-18,Real Example: AI Prevented Losses in a Meme Coin,real-example:-ai-prevented-losses-in-a-meme-coin,List,"real,example:,ai,prevented,losses","Blog post on Real Example: AI Prevented Losses in a Meme Coin, exploring List in crypto risk with AI.",queued,
2025-11-19,Case Study: AI Warned About a Failing Exchange Token,case-study:-ai-warned-about-a-failing-exchange-token,Case Study,"case,study:,ai,warned,about","Blog post on Case Study: AI Warned About a Failing Exchange Token, exploring Case Study in crypto risk with AI.",queued,
2025-11-20,How AI Detected Fake Partnerships in Crypto Projects,how-ai-detected-fake-partnerships-in-crypto-projects,Thought Leadership,"how,ai,detected,fake,partnerships","Blog post on How AI Detected Fake Partnerships in Crypto Projects, exploring Thought Leadership in crypto risk with AI.",queued,
2025-11-21,Will AI Make Crypto Investing Safe for Everyone?,will-ai-make-crypto-investing-safe-for-everyone,Comparison,"will,ai,make,crypto,investing","Blog post on Will AI Make Crypto Investing Safe for Everyone?, exploring Comparison in crypto risk with AI.",queued,
2025-11-22,The Rise of AI Watchdogs in the Crypto World,the-rise-of-ai-watchdogs-in-the-crypto-world,How-To Guide,"the,rise,of,ai,watchdogs","Blog post on The Rise of AI Watchdogs in the Crypto World, exploring How-To Guide in crypto risk with AI.",queued,
2025-11-23,What AI Can Teach Regulators About Crypto Scams,what-ai-can-teach-regulators-about-crypto-scams,List,"what,ai,can,teach,regulators","Blog post on What AI Can Teach Regulators About Crypto Scams, exploring List in crypto risk with AI.",queued,
2025-11-24,The Intersection of AI and Investor Education,the-intersection-of-ai-and-investor-education,Case Study,"the,intersection,of,ai,and","Blog post on The Intersection of AI and Investor Education, exploring Case Study in crypto risk with AI.",queued,
2025-11-25,Why the Next Bull Run Will Be Defined by AI Risk Tools,why-the-next-bull-run-will-be-defined-by-ai-risk-tools,Thought Leadership,"why,the,next,bull,run","Blog post on Why the Next Bull Run Will Be Defined by AI Risk Tools, exploring Thought Leadership in crypto risk with AI.",queued,
2025-11-26,How AI Will Reshape Compliance in Crypto,how-ai-will-reshape-compliance-in-crypto,Comparison,"how,ai,will,reshape,compliance","Blog post on How AI Will Reshape Compliance in Crypto, exploring Comparison in crypto risk with AI.",queued,
2025-11-27,Top 8 Ways AI Changes the Game for Retail Investors,top-8-ways-ai-changes-the-game-for-retail-investors,How-To Guide,"top,8,ways,ai,changes","Blog post on Top 8 Ways AI Changes the Game for Retail Investors, exploring How-To Guide in crypto risk with AI.",queued,
2025-11-28,The Coming Era of AI-First Crypto Exchanges,the-coming-era-of-ai-first-crypto-exchanges,List,"the,coming,era,of,ai-first","Blog post on The Coming Era of AI-First Crypto Exchanges, exploring List in crypto risk with AI.",queued,
2025-11-29,Why Transparency and AI Go Hand in Hand in Crypto,why-transparency-and-ai-go-hand-in-hand-in-crypto,Case Study,"why,transparency,and,ai,go","Blog post on Why Transparency and AI Go Hand in Hand in Crypto, exploring Case Study in crypto risk with AI.",queued,
2025-11-30,AI as the Future of Due Diligence in Web3,ai-as-the-future-of-due-diligence-in-web3,Thought Leadership,"ai,as,the,future,of","Blog post on AI as the Future of Due Diligence in Web3, exploring Thought Leadership in crypto risk with AI.",queued,
2025-12-01,AI Crypto Risk vs Paid Signal Services: Smarter Protection,ai-crypto-risk-vs-paid-signal-services:-smarter-protection,Comparison,"ai,crypto,risk,vs,paid","Blog post on AI Crypto Risk vs Paid Signal Services: Smarter Protection, exploring Comparison in crypto risk with AI.",queued,
2025-12-02,AI Crypto Risk vs Crypto Twitter Trends: Separating Noise from Truth,ai-crypto-risk-vs-crypto-twitter-trends:-separating-noise-from-truth,How-To Guide,"ai,crypto,risk,vs,crypto","Blog post on AI Crypto Risk vs Crypto Twitter Trends: Separating Noise from Truth, exploring How-To Guide in crypto risk with AI.",queued,
2025-12-03,AI Crypto Risk vs Legacy Risk Models: Why AI Wins,ai-crypto-risk-vs-legacy-risk-models:-why-ai-wins,List,"ai,crypto,risk,vs,legacy","Blog post on AI Crypto Risk vs Legacy Risk Models: Why AI Wins, exploring List in crypto risk with AI.",queued,
2025-12-04,AI Crypto Risk vs New Meme Coin Hype: Staying Grounded,ai-crypto-risk-vs-new-meme-coin-hype:-staying-grounded,Case Study,"ai,crypto,risk,vs,new","Blog post on AI Crypto Risk vs New Meme Coin Hype: Staying Grounded, exploring Case Study in crypto risk with AI.",queued,
2025-12-05,AI Crypto Risk vs Automated Trading Bots: A Safety Net,ai-crypto-risk-vs-automated-trading-bots:-a-safety-net,Thought Leadership,"ai,crypto,risk,vs,automated","Blog post on AI Crypto Risk vs Automated Trading Bots: A Safety Net, exploring Thought Leadership in crypto risk with AI.",queued,
2025-12-06,How to Use AI to Detect Fake Crypto Partnerships,how-to-use-ai-to-detect-fake-crypto-partnerships,Comparison,"how,to,use,ai,to","Blog post on How to Use AI to Detect Fake Crypto Partnerships, exploring Comparison in crypto risk with AI.",queued,
2025-12-07,How to Spot Overhyped NFT Projects with AI,how-to-spot-overhyped-nft-projects-with-ai,How-To Guide,"how,to,spot,overhyped,nft","Blog post on How to Spot Overhyped NFT Projects with AI, exploring How-To Guide in crypto risk with AI.",queued,
2025-12-08,How to Check DeFi Protocol Safety Using AI,how-to-check-defi-protocol-safety-using-ai,List,"how,to,check,defi,protocol","Blog post on How to Check DeFi Protocol Safety Using AI, exploring List in crypto risk with AI.",queued,
2025-12-09,How to Analyze Exchange Tokens for Risk with AI,how-to-analyze-exchange-tokens-for-risk-with-ai,Case Study,"how,to,analyze,exchange,tokens","Blog post on How to Analyze Exchange Tokens for Risk with AI, exploring Case Study in crypto risk with AI.",queued,
2025-12-10,How to Avoid Hidden Liquidity Traps Using AI,how-to-avoid-hidden-liquidity-traps-using-ai,Thought Leadership,"how,to,avoid,hidden,liquidity","Blog post on How to Avoid Hidden Liquidity Traps Using AI, exploring Thought Leadership in crypto risk with AI.",queued,
2025-12-11,Top 5 Crypto Red Flags AI Finds Instantly,top-5-crypto-red-flags-ai-finds-instantly,Comparison,"top,5,crypto,red,flags","Blog post on Top 5 Crypto Red Flags AI Finds Instantly, exploring Comparison in crypto risk with AI.",queued,
2025-12-12,7 Crypto Projects AI Warned Us About,7-crypto-projects-ai-warned-us-about,How-To Guide,"7,crypto,projects,ai,warned","Blog post on 7 Crypto Projects AI Warned Us About, exploring How-To Guide in crypto risk with AI.",queued,
2025-12-13,8 Ways AI Keeps Retail Investors Safe,8-ways-ai-keeps-retail-investors-safe,List,"8,ways,ai,keeps,retail","Blog post on 8 Ways AI Keeps Retail Investors Safe, exploring List in crypto risk with AI.",queued,
2025-12-14,10 AI-Powered Tips for Safer Crypto Investing,10-ai-powered-tips-for-safer-crypto-investing,Case Study,"10,ai-powered,tips,for,safer","Blog post on 10 AI-Powered Tips for Safer Crypto Investing, exploring Case Study in crypto risk with AI.",queued,
2025-12-15,6 Common Investor Mistakes AI Helps Prevent,6-common-investor-mistakes-ai-helps-prevent,Thought Leadership,"6,common,investor,mistakes,ai","Blog post on 6 Common Investor Mistakes AI Helps Prevent, exploring Thought Leadership in crypto risk with AI.",queued,
2025-12-16,Case Study: AI Predicted the Collapse of a DAO,case-study:-ai-predicted-the-collapse-of-a-dao,Comparison,"case,study:,ai,predicted,the","Blog post on Case Study: AI Predicted the Collapse of a DAO, exploring Comparison in crypto risk with AI.",queued,
2025-12-17,How AI Flagged Suspicious Activity in a New Token Launch,how-ai-flagged-suspicious-activity-in-a-new-token-launch,How-To Guide,"how,ai,flagged,suspicious,activity","Blog post on How AI Flagged Suspicious Activity in a New Token Launch, exploring How-To Guide in crypto risk with AI.",queued,
2025-12-18,AI Saved a Startup from Investing in a Scam Coin,ai-saved-a-startup-from-investing-in-a-scam-coin,List,"ai,saved,a,startup,from","Blog post on AI Saved a Startup from Investing in a Scam Coin, exploring List in crypto risk with AI.",queued,
2025-12-19,Case Study: AI Detected a Fake Audit in Crypto,case-study:-ai-detected-a-fake-audit-in-crypto,Case Study,"case,study:,ai,detected,a","Blog post on Case Study: AI Detected a Fake Audit in Crypto, exploring Case Study in crypto risk with AI.",queued,
2025-12-20,Real Story: AI Identified a Pump Before the Dump,real-story:-ai-identified-a-pump-before-the-dump,Thought Leadership,"real,story:,ai,identified,a","Blog post on Real Story: AI Identified a Pump Before the Dump, exploring Thought Leadership in crypto risk with AI.",queued,
2025-12-21,Will AI Replace Human Analysts in Crypto?,will-ai-replace-human-analysts-in-crypto,Comparison,"will,ai,replace,human,analysts","Blog post on Will AI Replace Human Analysts in Crypto?, exploring Comparison in crypto risk with AI.",queued,
2025-12-22,"The Coming Convergence of AI, Blockchain, and Regulation",the-coming-convergence-of-ai-blockchain-and-regulation,How-To Guide,"the,coming,convergence,of,ai,","Blog post on The Coming Convergence of AI, Blockchain, and Regulation, exploring How-To Guide in crypto risk with AI.",queued,
2025-12-23,Why AI May Redefine Trust in Finance Beyond Crypto,why-ai-may-redefine-trust-in-finance-beyond-crypto,List,"why,ai,may,redefine,trust","Blog post on Why AI May Redefine Trust in Finance Beyond Crypto, exploring List in crypto risk with AI.",queued,
2025-12-24,AI’s Role in Protecting the Next Million Crypto Investors,ais-role-in-protecting-the-next-million-crypto-investors,Case Study,"ai’s,role,in,protecting,the","Blog post on AI’s Role in Protecting the Next Million Crypto Investors, exploring Case Study in crypto risk with AI.",queued,
2025-12-25,Why Every Exchange Will Need AI Risk Tools by 2030,why-every-exchange-will-need-ai-risk-tools-by-2030,Thought Leadership,"why,every,exchange,will,need","Blog post on Why Every Exchange Will Need AI Risk Tools by 2030, exploring Thought Leadership in crypto risk with AI.",queued,
2025-12-26,Top 9 Predictions for AI in Crypto Over the Next 5 Years,top-9-predictions-for-ai-in-crypto-over-the-next-5-years,Comparison,"top,9,predictions,for,ai","Blog post on Top 9 Predictions for AI in Crypto Over the Next 5 Years, exploring Comparison in crypto risk with AI.",queued,
2025-12-27,How AI Could Help Create a Safer DeFi Ecosystem,how-ai-could-help-create-a-safer-defi-ecosystem,How-To Guide,"how,ai,could,help,create","Blog post on How AI Could Help Create a Safer DeFi Ecosystem, exploring How-To Guide in crypto risk with AI.",queued,
2025-12-28,Why AI Will Make or Break the Next Bull Market,why-ai-will-make-or-break-the-next-bull-market,List,"why,ai,will,make,or","Blog post on Why AI Will Make or Break the Next Bull Market, exploring List in crypto risk with AI.",queued,
2025-12-29,The Hidden Power of AI Risk Tools in Investor Education,the-hidden-power-of-ai-risk-tools-in-investor-education,Case Study,"the,hidden,power,of,ai","Blog post on The Hidden Power of AI Risk Tools in Investor Education, exploring Case Study in crypto risk with AI.",queued,
2025-12-30,AI as the Foundation for the Future of Web3 Security,ai-as-the-foundation-for-the-future-of-web3-security,Thought Leadership,"ai,as,the,foundation,for","Blog post on AI as the Foundation for the Future of Web3 Security, exploring Thought Leadership in crypto risk with AI.",queued,
2026-01-30,AI Crypto Risk vs Free Community Alerts: Reliability Matters,ai-crypto-risk-vs-free-community-alerts:-reliability-matters,Comparison,"ai,crypto,risk,vs,free","Blog post on AI Crypto Risk vs Free Community Alerts: Reliability Matters, exploring Comparison in crypto risk with AI.",queued,
2026-01-31,AI Crypto Risk vs Influencer Tip Channels: Who Wins?,ai-crypto-risk-vs-influencer-tip-channels:-who-wins,How-To Guide,"ai,crypto,risk,vs,influencer","Blog post on AI Crypto Risk vs Influencer Tip Channels: Who Wins?, exploring How-To Guide in crypto risk with AI.",queued,
2026-02-01,AI Crypto Risk vs Token Holder Sentiment: Objective vs Emotional,ai-crypto-risk-vs-token-holder-sentiment:-objective-vs-emotional,List,"ai,crypto,risk,vs,token","Blog post on AI Crypto Risk vs Token Holder Sentiment: Objective vs Emotional, exploring List in crypto risk with AI.",queued,
2026-02-02,AI Crypto Risk vs Paid Newsletters: Faster Insights,ai-crypto-risk-vs-paid-newsletters:-faster-insights,Case Study,"ai,crypto,risk,vs,paid","Blog post on AI Crypto Risk vs Paid Newsletters: Faster Insights, exploring Case Study in crypto risk with AI.",queued,
2026-02-03,AI Crypto Risk vs AI Market Predictions: Complementary Tools,ai-crypto-risk-vs-ai-market-predictions:-complementary-tools,Thought Leadership,"ai,crypto,risk,vs,ai","Blog post on AI Crypto Risk vs AI Market Predictions: Complementary Tools, exploring Thought Leadership in crypto risk with AI.",queued,
2026-02-04,How to Use AI to Verify Crypto Teams and Founders,how-to-use-ai-to-verify-crypto-teams-and-founders,Comparison,"how,to,use,ai,to","Blog post on How to Use AI to Verify Crypto Teams and Founders, exploring Comparison in crypto risk with AI.",queued,
2026-02-05,How to Identify Ponzi-Like Structures with AI,how-to-identify-ponzi-like-structures-with-ai,How-To Guide,"how,to,identify,ponzi-like,structures","Blog post on How to Identify Ponzi-Like Structures with AI, exploring How-To Guide in crypto risk with AI.",queued,
2026-02-06,How to Avoid Being Fooled by Fake Partnerships Using AI,how-to-avoid-being-fooled-by-fake-partnerships-using-ai,List,"how,to,avoid,being,fooled","Blog post on How to Avoid Being Fooled by Fake Partnerships Using AI, exploring List in crypto risk with AI.",queued,
2026-02-07,How to Protect Your Wallet from Rug Pulls with AI,how-to-protect-your-wallet-from-rug-pulls-with-ai,Case Study,"how,to,protect,your,wallet","Blog post on How to Protect Your Wallet from Rug Pulls with AI, exploring Case Study in crypto risk with AI.",queued,
2026-02-08,How to Analyze DeFi Yields with AI for Safety,how-to-analyze-defi-yields-with-ai-for-safety,Thought Leadership,"how,to,analyze,defi,yields","Blog post on How to Analyze DeFi Yields with AI for Safety, exploring Thought Leadership in crypto risk with AI.",queued,
2026-02-09,Top 6 Ways AI Helps Crypto Beginners Stay Safe,top-6-ways-ai-helps-crypto-beginners-stay-safe,Comparison,"top,6,ways,ai,helps","Blog post on Top 6 Ways AI Helps Crypto Beginners Stay Safe, exploring Comparison in crypto risk with AI.",queued,
2026-02-10,7 Crypto Frauds AI Detected Early,7-crypto-frauds-ai-detected-early,How-To Guide,"7,crypto,frauds,ai,detected","Blog post on 7 Crypto Frauds AI Detected Early, exploring How-To Guide in crypto risk with AI.",queued,
2026-02-11,9 Investor Traps AI Warns About,9-investor-traps-ai-warns-about,List,"9,investor,traps,ai,warns","Blog post on 9 Investor Traps AI Warns About, exploring List in crypto risk with AI.",queued,
2026-02-12,10 Times AI Outperformed Human Analysts in Crypto,10-times-ai-outperformed-human-analysts-in-crypto,Case Study,"10,times,ai,outperformed,human","Blog post on 10 Times AI Outperformed Human Analysts in Crypto, exploring Case Study in crypto risk with AI.",queued,
2026-02-13,5 Risk Signals AI Spots Instantly,5-risk-signals-ai-spots-instantly,Thought Leadership,"5,risk,signals,ai,spots","Blog post on 5 Risk Signals AI Spots Instantly, exploring Thought Leadership in crypto risk with AI.",queued,
2026-02-14,Case Study: AI Flagged Token Collapse Before Exchange Delisting,case-study:-ai-flagged-token-collapse-before-exchange-delisting,Comparison,"case,study:,ai,flagged,token","Blog post on Case Study: AI Flagged Token Collapse Before Exchange Delisting, exploring Comparison in crypto risk with AI.",queued,
2026-02-15,How AI Identified Wash Trading in NFTs,how-ai-identified-wash-trading-in-nfts,How-To Guide,"how,ai,identified,wash,trading","Blog post on How AI Identified Wash Trading in NFTs, exploring How-To Guide in crypto risk with AI.",queued,
2026-02-16,AI Prevented an Investor From Losing $50K,ai-prevented-an-investor-from-losing-$50k,List,"ai,prevented,an,investor,from","Blog post on AI Prevented an Investor From Losing $50K, exploring List in crypto risk with AI.",queued,
2026-02-17,Case Study: AI Detected a False Liquidity Pool,case-study:-ai-detected-a-false-liquidity-pool,Case Study,"case,study:,ai,detected,a","Blog post on Case Study: AI Detected a False Liquidity Pool, exploring Case Study in crypto risk with AI.",queued,
2026-02-18,Real-Life Story: How AI Helped Avoid a Scam Token,real-life-story:-how-ai-helped-avoid-a-scam-token,Thought Leadership,"real-life,story:,how,ai,helped","Blog post on Real-Life Story: How AI Helped Avoid a Scam Token, exploring Thought Leadership in crypto risk with AI.",queued,
2026-02-19,Will AI Become the Standard for Crypto Risk Scoring?,will-ai-become-the-standard-for-crypto-risk-scoring,Comparison,"will,ai,become,the,standard","Blog post on Will AI Become the Standard for Crypto Risk Scoring?, exploring Comparison in crypto risk with AI.",queued,
2026-02-20,How AI Will Shape the Investor Experience in the Next 5 Years,how-ai-will-shape-the-investor-experience-in-the-next-5-years,How-To Guide,"how,ai,will,shape,the","Blog post on How AI Will Shape the Investor Experience in the Next 5 Years, exploring How-To Guide in crypto risk with AI.",queued,
2026-02-21,The Impact of AI on Global Crypto Compliance Standards,the-impact-of-ai-on-global-crypto-compliance-standards,List,"the,impact,of,ai,on","Blog post on The Impact of AI on Global Crypto Compliance Standards, exploring List in crypto risk with AI.",queued,
2026-02-22,Why Every Crypto Wallet Should Integrate AI Risk Tools,why-every-crypto-wallet-should-integrate-ai-risk-tools,Case Study,"why,every,crypto,wallet,should","Blog post on Why Every Crypto Wallet Should Integrate AI Risk Tools, exploring Case Study in crypto risk with AI.",queued,
2026-02-23,How AI is Building a Safer Future for Web3,how-ai-is-building-a-safer-future-for-web3,Thought Leadership,"how,ai,is,building,a","Blog post on How AI is Building a Safer Future for Web3, exploring Thought Leadership in crypto risk with AI.",queued,
2026-02-24,Top 8 Predictions for AI in DeFi Risk Detection,top-8-predictions-for-ai-in-defi-risk-detection,Comparison,"top,8,predictions,for,ai","Blog post on Top 8 Predictions for AI in DeFi Risk Detection, exploring Comparison in crypto risk with AI.",queued,
2026-02-25,How AI Will Improve Investor Education Globally,how-ai-will-improve-investor-education-globally,How-To Guide,"how,ai,will,improve,investor","Blog post on How AI Will Improve Investor Education Globally, exploring How-To Guide in crypto risk with AI.",queued,
2026-02-26,Why AI-First Investing Will Define the Next Decade,why-ai-first-investing-will-define-the-next-decade,List,"why,ai-first,investing,will,define","Blog post on Why AI-First Investing Will Define the Next Decade, exploring List in crypto risk with AI.",queued,
2026-02-27,AI as the Bridge Between Regulators and Innovators,ai-as-the-bridge-between-regulators-and-innovators,Case Study,"ai,as,the,bridge,between","Blog post on AI as the Bridge Between Regulators and Innovators, exploring Case Study in crypto risk with AI.",queued,
2026-02-28,The Evolution of AI Risk Detection in Crypto Markets,the-evolution-of-ai-risk-detection-in-crypto-markets,Thought Leadership,"the,evolution,of,ai,risk","Blog post on The Evolution of AI Risk Detection in Crypto Markets, exploring Thought Leadership in crypto risk with AI.",queued,
2026-03-01,AI Crypto Risk vs Self-Directed Research: Who Wins Long-Term?,ai-crypto-risk-vs-self-directed-research:-who-wins-long-term,Comparison,"ai,crypto,risk,vs,self-directed","Blog post on AI Crypto Risk vs Self-Directed Research: Who Wins Long-Term?, exploring Comparison in crypto risk with AI.",queued,
2026-03-02,AI Crypto Risk vs Crypto Exchange Listings: A Safer Filter,ai-crypto-risk-vs-crypto-exchange-listings:-a-safer-filter,How-To Guide,"ai,crypto,risk,vs,crypto","Blog post on AI Crypto Risk vs Crypto Exchange Listings: A Safer Filter, exploring How-To Guide in crypto risk with AI.",queued,
2026-03-03,AI Crypto Risk vs Investor Communities: Facts vs Opinions,ai-crypto-risk-vs-investor-communities:-facts-vs-opinions,List,"ai,crypto,risk,vs,investor","Blog post on AI Crypto Risk vs Investor Communities: Facts vs Opinions, exploring List in crypto risk with AI.",queued,
2026-03-04,AI Crypto Risk vs Paid Discord Alpha Groups: Reliability Test,ai-crypto-risk-vs-paid-discord-alpha-groups:-reliability-test,Case Study,"ai,crypto,risk,vs,paid","Blog post on AI Crypto Risk vs Paid Discord Alpha Groups: Reliability Test, exploring Case Study in crypto risk with AI.",queued,
2026-03-05,AI Crypto Risk vs Traditional Investment Tools: A Modern Upgrade,ai-crypto-risk-vs-traditional-investment-tools:-a-modern-upgrade,Thought Leadership,"ai,crypto,risk,vs,traditional","Blog post on AI Crypto Risk vs Traditional Investment Tools: A Modern Upgrade, exploring Thought Leadership in crypto risk with AI.",queued,
2026-03-06,How to Use AI to Detect Pump-and-Dump Patterns,how-to-use-ai-to-detect-pump-and-dump-patterns,Comparison,"how,to,use,ai,to","Blog post on How to Use AI to Detect Pump-and-Dump Patterns, exploring Comparison in crypto risk with AI.",queued,
2026-03-07,How to Evaluate NFT Collections for Risk with AI,how-to-evaluate-nft-collections-for-risk-with-ai,How-To Guide,"how,to,evaluate,nft,collections","Blog post on How to Evaluate NFT Collections for Risk with AI, exploring How-To Guide in crypto risk with AI.",queued,
2026-03-08,How to Protect Against Phishing Tokens Using AI,how-to-protect-against-phishing-tokens-using-ai,List,"how,to,protect,against,phishing","Blog post on How to Protect Against Phishing Tokens Using AI, exploring List in crypto risk with AI.",queued,
2026-03-09,How to Assess Stablecoin Safety with AI,how-to-assess-stablecoin-safety-with-ai,Case Study,"how,to,assess,stablecoin,safety","Blog post on How to Assess Stablecoin Safety with AI, exploring Case Study in crypto risk with AI.",queued,
2026-03-10,How to Use AI to Analyze Whitepaper Claims,how-to-use-ai-to-analyze-whitepaper-claims,Thought Leadership,"how,to,use,ai,to","Blog post on How to Use AI to Analyze Whitepaper Claims, exploring Thought Leadership in crypto risk with AI.",queued,
2026-03-11,Top 7 Crypto Myths Debunked by AI,top-7-crypto-myths-debunked-by-ai,Comparison,"top,7,crypto,myths,debunked","Blog post on Top 7 Crypto Myths Debunked by AI, exploring Comparison in crypto risk with AI.",queued,
2026-03-12,5 Times AI Protected Investors From Losses,5-times-ai-protected-investors-from-losses,How-To Guide,"5,times,ai,protected,investors","Blog post on 5 Times AI Protected Investors From Losses, exploring How-To Guide in crypto risk with AI.",queued,
2026-03-13,8 Risk Metrics AI Uses to Detect Crypto Scams,8-risk-metrics-ai-uses-to-detect-crypto-scams,List,"8,risk,metrics,ai,uses","Blog post on 8 Risk Metrics AI Uses to Detect Crypto Scams, exploring List in crypto risk with AI.",queued,
2026-03-14,10 Crypto Red Flags Only AI Can Spot,10-crypto-red-flags-only-ai-can-spot,Case Study,"10,crypto,red,flags,only","Blog post on 10 Crypto Red Flags Only AI Can Spot, exploring Case Study in crypto risk with AI.",queued,
2026-03-15,6 Reasons AI Outpaces Human Analysis in Risk Detection,6-reasons-ai-outpaces-human-analysis-in-risk-detection,Thought Leadership,"6,reasons,ai,outpaces,human","Blog post on 6 Reasons AI Outpaces Human Analysis in Risk Detection, exploring Thought Leadership in crypto risk with AI.",queued,
2026-03-16,Case Study: AI Exposed Fake Liquidity in Token V,case-study:-ai-exposed-fake-liquidity-in-token-v,Comparison,"case,study:,ai,exposed,fake","Blog post on Case Study: AI Exposed Fake Liquidity in Token V, exploring Comparison in crypto risk with AI.",queued,
2026-03-17,How AI Warned About a Meme Coin Crash,how-ai-warned-about-a-meme-coin-crash,How-To Guide,"how,ai,warned,about,a","Blog post on How AI Warned About a Meme Coin Crash, exploring How-To Guide in crypto risk with AI.",queued,
2026-03-18,AI Stopped Investors From Buying Into a Ponzi,ai-stopped-investors-from-buying-into-a-ponzi,List,"ai,stopped,investors,from,buying","Blog post on AI Stopped Investors From Buying Into a Ponzi, exploring List in crypto risk with AI.",queued,
2026-03-19,Case Study: AI Predicted Exchange Collapse,case-study:-ai-predicted-exchange-collapse,Case Study,"case,study:,ai,predicted,exchange","Blog post on Case Study: AI Predicted Exchange Collapse, exploring Case Study in crypto risk with AI.",queued,
2026-03-20,Real-Life Example: AI Detected Wash Trading in DeFi,real-life-example:-ai-detected-wash-trading-in-defi,Thought Leadership,"real-life,example:,ai,detected,wash","Blog post on Real-Life Example: AI Detected Wash Trading in DeFi, exploring Thought Leadership in crypto risk with AI.",queued,
2026-03-21,Will AI Define the Future of Investor Protection?,will-ai-define-the-future-of-investor-protection,Comparison,"will,ai,define,the,future","Blog post on Will AI Define the Future of Investor Protection?, exploring Comparison in crypto risk with AI.",queued,
2026-03-22,"The Convergence of AI, Crypto, and Big Data",the-convergence-of-ai-crypto-and-big-data,How-To Guide,"the,convergence,of,ai,,crypto,","Blog post on The Convergence of AI, Crypto, and Big Data, exploring How-To Guide in crypto risk with AI.",queued,
2026-03-23,Why AI Will Be the Backbone of DeFi Security,why-ai-will-be-the-backbone-of-defi-security,List,"why,ai,will,be,the","Blog post on Why AI Will Be the Backbone of DeFi Security, exploring List in crypto risk with AI.",queued,
2026-03-24,How AI Could Shape the Next Wave of Investor Regulation,how-ai-could-shape-the-next-wave-of-investor-regulation,Case Study,"how,ai,could,shape,the","Blog post on How AI Could Shape the Next Wave of Investor Regulation, exploring Case Study in crypto risk with AI.",queued,
2026-03-25,AI as a Force for Transparency in Global Crypto Markets,ai-as-a-force-for-transparency-in-global-crypto-markets,Thought Leadership,"ai,as,a,force,for","Blog post on AI as a Force for Transparency in Global Crypto Markets, exploring Thought Leadership in crypto risk with AI.",queued,
2026-03-26,Top 9 Lessons Learned From AI Crypto Risk Detection,top-9-lessons-learned-from-ai-crypto-risk-detection,Comparison,"top,9,lessons,learned,from","Blog post on Top 9 Lessons Learned From AI Crypto Risk Detection, exploring Comparison in crypto risk with AI.",queued,
2026-03-27,How AI Will Create a New Standard for Crypto Audits,how-ai-will-create-a-new-standard-for-crypto-audits,How-To Guide,"how,ai,will,create,a","Blog post on How AI Will Create a New Standard for Crypto Audits, exploring How-To Guide in crypto risk with AI.",queued,
2026-03-28,Why AI-Verified Investing Will Become Non-Negotiable,why-ai-verified-investing-will-become-non-negotiable,List,"why,ai-verified,investing,will,become","Blog post on Why AI-Verified Investing Will Become Non-Negotiable, exploring List in crypto risk with AI.",queued,
2026-03-29,The Long-Term Role of AI in Investor Safety,the-long-term-role-of-ai-in-investor-safety,Case Study,"the,long-term,role,of,ai","Blog post on The Long-Term Role of AI in Investor Safety, exploring Case Study in crypto risk with AI.",queued,
2026-03-30,AI as the Key to Building Trust in the Decentralized Era,ai-as-the-key-to-building-trust-in-the-decentralized-era,Thought Leadership,"ai,as,the,key,to","Blog post on AI as the Key to Building Trust in the Decentralized Era, exploring Thought Leadership in crypto risk with AI.",queued,